Feature,Importance
PROJECT_TASK_COUNT,0.3464240627769216
SERVICE_Full Charge Bookkeeping,0.16607889374853044
SERVICE_CFO,0.08277708022258322
BILL_RATE_TYPE_Hourly,0.08145182556667488
PROJECT_FREQUENCY_One Time,0.06501588476930072
BILL_RATE_TYPE_Fixed,0.06321143143950066
SERVICE_Tax Preparation,0.04950334006489739
SERVICE_CPA/Accounting Advisory,0.04233145798781488
PROJECT_FREQUENCY_Recurring monthly,0.039529329894888554
PROJECT_SIGNED,0.03892049399814354
SERVICE_FP&A,0.02475619953074409
